insert into "company" (company_id, company_name, created_at, updated_at) values
	(1, '김김오', now(), now()),
	(2, '(주) 김', now(), now()),
	(3, '(유) 김', now(), now()),
	(4, '주식회사 강황김', now(), now()),
	(5, '(유) 장', now(), now()),
	(6, '박김박', now(), now()),
	(7, '안최최', now(), now()),
	(8, '(유) 오', now(), now()),
	(9, '이이김', now(), now()),
	(10, '(주) 고', now(), now());

insert into "interview" (interview_id, member_id, company_id, created_at, updated_at) values
	(1, 5, 1, now(), now()),
	(2, 5, 1, now(), now()),
	(3, 5, 6, now(), now()),
	(4, 5, 9, now(), now()),
	(5, 5, 9, now(), now()),
	(6, 5, 5, now(), now()),
	(7, 5, 1, now(), now()),
	(8, 5, 4, now(), now()),
	(9, 5, 9, now(), now()),
	(10, 5, 7, now(), now());

insert into "message" (message_id, interview_id, interview_role, content, created_at, updated_at) values
	(1, 1, 'INTERVIEWER', 'Ratione fuga cum molestiae dolor inventore.', now(), now()),
	(2, 1, 'INTERVIEWEE', 'Officiis enim illum.', now(), now()),
	(3, 1, 'INTERVIEWER', 'Molestiae sequi ea totam esse excepturi.', now(), now()),
	(4, 1, 'INTERVIEWEE', 'Deserunt cupiditate perferendis autem.', now(), now()),
	(5, 2, 'INTERVIEWER', 'Cupiditate odio aliquam maiores dolor.', now(), now()),
	(6, 2, 'INTERVIEWEE', 'Aliquid aut cum nostrum nisi voluptatem eveniet.', now(), now()),
	(7, 2, 'INTERVIEWER', 'Nam provident esse minus.', now(), now()),
	(8, 2, 'INTERVIEWEE', 'Illum blanditiis voluptas rem tempora rem.', now(), now()),
	(9, 3, 'INTERVIEWER', 'Ut nostrum nostrum non voluptas labore illo.', now(), now()),
	(10, 3, 'INTERVIEWEE', 'Deleniti enim nulla porro inventore temporibus.', now(), now()),
	(11, 3, 'INTERVIEWER', 'Maxime ea dolores alias non.', now(), now()),
	(12, 3, 'INTERVIEWEE', 'Magni molestias rem suscipit voluptates.', now(), now()),
	(13, 4, 'INTERVIEWER', 'Praesentium quos natus sequi consequatur.', now(), now()),
	(14, 4, 'INTERVIEWEE', 'Magni eaque aperiam.', now(), now()),
	(15, 4, 'INTERVIEWER', 'Corrupti eum doloremque ad reiciendis officia.', now(), now()),
	(16, 4, 'INTERVIEWEE', 'Similique dignissimos voluptate aperiam sed quis.', now(), now()),
	(17, 5, 'INTERVIEWER', 'Sunt accusamus cum officiis.', now(), now()),
	(18, 5, 'INTERVIEWEE', 'Maxime minus atque delectus.', now(), now()),
	(19, 5, 'INTERVIEWER', 'Ducimus totam excepturi sunt ullam.', now(), now()),
	(20, 5, 'INTERVIEWEE', 'Fuga explicabo sunt.', now(), now()),
	(21, 6, 'INTERVIEWER', 'Eligendi hic illo magni molestias.', now(), now()),
	(22, 6, 'INTERVIEWEE', 'Aliquid optio adipisci expedita a dicta.', now(), now()),
	(23, 6, 'INTERVIEWER', 'Ipsum libero voluptas quae.', now(), now()),
	(24, 6, 'INTERVIEWEE', 'Ducimus provident maiores sequi reprehenderit.', now(), now()),
	(25, 7, 'INTERVIEWER', 'Magnam tempora hic in temporibus.', now(), now()),
	(26, 7, 'INTERVIEWEE', 'Debitis deleniti nostrum.', now(), now()),
	(27, 7, 'INTERVIEWER', 'Doloribus aliquid voluptate.', now(), now()),
	(28, 7, 'INTERVIEWEE', 'Iste maiores ducimus a.', now(), now()),
	(29, 8, 'INTERVIEWER', 'Sint reiciendis enim aut nisi nobis.', now(), now()),
	(30, 8, 'INTERVIEWEE', 'Error alias expedita distinctio excepturi nam.', now(), now()),
	(31, 8, 'INTERVIEWER', 'Deleniti doloremque quae assumenda id nam sed.', now(), now()),
	(32, 8, 'INTERVIEWEE', 'Debitis officiis soluta inventore numquam.', now(), now()),
	(33, 9, 'INTERVIEWER', 'Ex nostrum quos omnis nobis dolore.', now(), now()),
	(34, 9, 'INTERVIEWEE', 'Facilis deleniti ab et natus.', now(), now()),
	(35, 9, 'INTERVIEWER', 'Eligendi rerum delectus doloremque.', now(), now()),
	(36, 9, 'INTERVIEWEE', 'Ea voluptates illum quo nostrum eius.', now(), now()),
	(37, 10, 'INTERVIEWER', 'Tempore iste repudiandae eveniet.', now(), now()),
	(38, 10, 'INTERVIEWEE', 'Eligendi aliquam inventore cum soluta.', now(), now()),
	(39, 10, 'INTERVIEWER', 'Recusandae sed doloribus voluptatibus suscipit.', now(), now()),
	(40, 10, 'INTERVIEWEE', 'Iste nulla quis quam dolores deleniti aperiam.', now(), now());

